Power_perf_factor,Fuel_efficiency,Fuel_capacity,Engine_size,Horsepower,Wheelbase,Width,Length,Price_in_lakhs
30.379,29.7,28,2.94,222,107.98,87.6,274.62,28.7
120.79021,22.5,27,5.3,242,85.2,65.11,299.8,12.05
55.06904,15.8,18,5.92,195,101.26,71.56,186.62,13.36
73.60497,16.6,25,2.26,276,83.26,81.56,278.62,23.26
88.10062,16.5,19,2.27,206,102.17,79.31,160.1,4.15
183.50169,20.4,18,3.06,230,107.59,81.75,243.22,24.0
161.37746,19.9,23,4.84,162,104.36,81.29,249.2,21.14
71.04479,24.5,27,3.79,268,104.8,84.78,225.26,17.05
174.36253,24.0,19,1.25,254,93.47,68.75,173.48,7.31
150.40038,25.0,18,1.93,206,88.95,81.03,204.55,6.45
102.03482,17.9,24,4.4,265,101.46,67.57,281.96,17.68
39.98553,26.7,22,5.35,217,106.04,67.7,234.5,25.53
177.6196,26.6,28,1.71,270,103.68,68.59,208.54,26.6
89.84369,29.4,28,4.57,174,106.75,79.63,164.82,6.74
60.49922,17.8,22,1.09,258,80.45,66.8,273.82,14.59
142.24638,25.1,15,2.64,168,83.1,84.54,257.71,22.27
56.75193,16.1,15,3.3,166,106.27,75.23,255.49,26.34
78.35041,25.5,28,2.88,159,85.05,61.43,179.98,25.52
146.57235,15.2,15,4.99,244,101.99,62.27,239.97,12.59
44.91999,25.8,24,4.4,215,81.97,77.87,232.63,13.16
123.00484,15.3,18,5.01,224,105.68,76.8,259.59,26.56
155.37753,28.1,21,3.13,256,104.45,64.55,200.18,20.72
163.09901,28.9,22,5.1,239,104.96,61.92,247.62,13.2
112.8736,26.5,20,3.45,267,81.61,80.17,280.98,25.74
160.07959,23.7,20,4.6,165,80.91,71.62,293.48,9.85
149.90268,22.2,17,2.74,275,84.77,73.51,221.54,5.78
53.61172,22.1,15,2.74,190,99.38,88.49,284.83,3.02
164.30855,27.8,19,2.81,237,84.7,73.14,199.44,13.81
40.38563,15.5,28,4.07,158,98.11,78.15,168.2,28.53
172.48627,25.8,18,1.18,196,97.89,89.38,168.24,18.42
144.11733,18.7,25,3.08,153,82.89,60.34,185.62,25.09
91.80645,25.7,15,3.56,166,83.85,68.06,269.9,17.67
78.72729,18.5,16,4.83,183,105.08,72.24,169.21,28.39
48.21365,18.0,15,2.96,186,105.13,76.54,218.25,8.26
184.54567,22.2,17,3.59,194,95.16,68.06,210.5,27.0
31.91319,23.9,25,4.19,251,81.35,85.87,203.79,21.6
129.03483,24.7,19,3.53,279,90.67,67.09,196.38,25.56
97.96639,28.7,26,3.3,231,104.45,68.15,209.78,19.56
112.8802,24.2,22,3.62,276,104.25,60.06,235.18,29.0
117.26343,15.6,20,4.68,250,96.94,87.09,253.47,13.86
172.57812,27.0,16,3.2,247,100.23,83.06,180.74,17.14
142.51501,16.4,24,2.53,276,100.46,80.17,255.25,20.49
146.43386,18.7,19,1.37,247,83.54,79.68,283.98,15.43
69.27349,17.2,25,4.31,264,95.25,65.14,268.28,13.7
64.38747,18.1,16,4.4,248,93.86,65.03,245.99,26.11
74.3314,22.5,20,3.83,213,81.35,70.93,227.63,25.81
79.39699,27.2,18,1.96,180,103.61,60.47,230.89,19.53
131.93679,18.5,26,5.3,256,84.56,79.05,216.65,20.45
156.6471,21.8,19,2.53,200,94.08,71.17,168.15,17.73
133.63718,20.7,21,2.37,274,100.93,78.28,255.89,23.52
108.36763,18.7,18,3.94,185,100.39,62.09,227.54,27.04
81.3731,29.5,26,2.03,193,105.45,77.45,197.0,16.54
133.86586,17.1,28,1.73,241,101.7,62.38,243.71,7.0
109.53886,21.1,26,3.96,272,82.52,60.47,224.38,12.37
166.06776,25.9,23,2.31,200,103.56,68.51,161.86,13.04
119.44378,26.5,26,1.61,196,105.02,65.83,248.41,25.04
89.7017,20.9,26,2.09,252,81.57,88.0,219.41,9.4
173.26025,25.7,20,4.55,268,105.13,87.35,295.38,11.88
60.66246,23.3,28,1.87,243,86.47,80.8,281.9,28.24
128.12773,26.3,23,4.77,232,80.86,74.34,212.43,15.92
72.23988,20.6,27,5.29,226,83.29,81.92,196.66,16.99
173.7954,20.5,15,2.68,171,88.33,63.32,299.57,7.97
38.2436,17.0,16,4.53,259,83.67,87.88,229.89,12.79
184.23182,29.6,18,4.21,210,86.69,69.49,258.61,19.9
81.41137,18.2,22,4.1,249,90.91,75.11,227.33,6.62
64.79083,25.0,26,3.91,178,106.7,63.24,285.05,4.45
151.04252,23.7,25,2.95,257,87.19,83.7,261.59,27.79
152.48916,29.0,27,1.07,231,102.81,82.19,283.29,22.85
159.57878,20.2,19,4.7,197,94.07,74.99,167.64,27.96
80.2766,17.2,25,2.38,177,80.29,88.24,231.7,4.53
86.46159,27.5,19,3.47,244,100.78,61.94,247.74,11.63
59.47356,20.8,25,2.85,201,80.32,72.56,242.12,11.43
105.14068,24.5,28,4.47,175,102.72,70.66,200.83,26.97
114.86774,16.7,21,5.89,234,103.32,72.21,183.21,27.97
102.86796,23.7,27,5.17,166,82.71,82.69,260.54,3.63
40.19719,25.0,23,2.11,239,84.01,70.31,243.92,29.41
94.99753,15.4,25,3.15,215,102.3,73.16,218.83,16.79
55.72685,25.8,22,5.62,255,98.55,85.46,208.43,9.46
39.3913,21.6,20,2.6,243,102.53,66.03,295.81,7.51
137.79323,20.8,15,1.44,265,97.88,66.55,291.11,25.18
30.66655,23.4,16,1.9,171,94.7,71.17,282.85,14.57
67.15169,28.9,17,1.7,223,90.36,68.11,221.09,6.67
81.2525,27.0,25,5.8,151,105.37,70.96,282.62,23.65
71.62458,24.3,19,4.55,206,87.2,89.91,237.43,28.0
147.16705,15.7,16,5.01,242,92.36,64.15,185.4,21.26
130.2835,15.3,26,5.56,193,92.21,62.85,162.41,8.76
174.09977,24.5,20,2.39,254,96.66,78.77,253.49,28.16
74.61902,21.7,23,5.18,164,84.59,79.49,195.73,14.34
108.33391,21.8,20,5.58,208,91.76,84.72,170.01,13.76
91.19446,17.9,16,1.16,167,96.61,75.95,223.41,7.05
51.17184,27.9,27,4.68,155,83.16,69.51,254.01,26.6
105.51746,26.3,26,5.9,170,81.69,62.37,184.0,10.85
95.89027,27.2,23,1.56,169,87.91,61.68,267.41,6.26
119.19754,27.2,25,5.11,226,103.63,65.2,264.57,16.31
122.86695,22.3,20,3.0,188,87.38,74.55,271.98,15.02
80.44995,27.2,27,1.4,261,85.73,85.36,286.81,13.37
74.03582,26.5,23,3.24,189,98.91,87.76,253.06,17.63
78.52313,27.0,19,1.5,235,80.43,83.02,228.55,20.02
189.8999,22.1,23,2.04,189,83.57,89.66,293.12,13.82
46.70686,19.9,21,4.89,209,103.12,62.78,280.87,10.28
89.32428,24.6,28,2.95,184,92.62,68.78,277.33,11.3
80.94958,17.0,22,4.88,161,97.9,71.28,260.36,29.93
87.0726,27.1,20,3.19,174,80.03,64.56,176.83,12.93
102.23948,15.1,18,1.36,182,109.05,65.83,290.29,20.23
120.13602,15.7,15,2.71,199,89.04,68.47,222.97,3.99
97.6845,24.0,19,1.7,275,108.58,74.47,220.26,9.54
60.24664,15.3,27,3.36,187,85.76,67.77,177.85,8.72
161.40941,20.6,26,4.12,174,101.75,69.47,212.47,13.89
135.08246,15.7,27,5.49,205,88.58,78.77,294.44,26.62
148.65864,21.1,20,1.51,265,97.21,61.0,163.11,29.44
125.55005,15.9,25,2.01,204,92.91,79.9,256.47,28.89
51.25202,24.0,16,2.41,217,84.04,70.41,225.43,25.97
187.61947,23.1,22,5.53,157,95.73,72.12,231.13,19.37
122.33137,19.2,27,2.61,271,102.96,89.71,176.86,10.18
142.71314,23.0,24,3.94,203,86.16,63.98,243.9,14.3
187.34948,19.1,27,2.55,175,92.45,64.11,201.42,20.73
81.00105,21.9,28,5.27,163,100.34,64.33,169.25,6.5
65.61036,17.2,15,5.87,190,96.15,66.95,224.64,21.78
154.89862,28.0,24,1.51,234,93.54,71.09,243.68,25.57
170.60863,17.0,26,1.1,165,107.82,60.6,233.0,12.37
98.46512,28.1,24,2.69,156,94.14,65.39,239.01,11.67
100.49184,15.5,18,2.3,215,92.91,75.01,163.0,21.85
109.85189,25.2,24,5.16,225,100.45,89.77,279.65,19.62
67.85596,27.7,20,5.51,196,103.73,88.15,203.97,5.13
164.34854,19.9,16,1.35,159,107.04,68.33,165.38,22.72
93.75825,15.9,19,5.6,181,83.78,75.65,209.36,16.92
169.70022,18.0,28,4.41,197,105.17,64.65,257.53,17.16
36.89923,21.6,27,2.61,160,109.96,60.85,241.7,11.26
105.28096,17.0,21,1.26,198,95.92,82.41,286.73,7.18
110.65603,22.8,26,3.47,256,84.06,67.04,172.9,20.54
47.31002,15.5,21,3.94,264,81.03,89.18,186.7,3.0
48.52109,19.1,22,2.12,241,86.11,89.79,278.23,25.18
59.63239,23.6,18,5.2,218,108.73,62.36,271.68,19.03
92.77788,20.9,16,2.14,154,109.49,76.17,259.2,19.59
79.15156,29.2,19,4.72,151,86.65,84.1,226.45,20.7
97.03191,20.9,25,3.65,150,95.32,89.52,282.43,23.93
130.3014,20.4,25,5.64,257,94.66,75.97,185.69,10.1
126.40385,19.7,28,3.01,177,91.56,70.14,224.91,4.61
124.54154,26.0,23,5.04,265,94.55,65.84,284.49,17.47
115.9422,26.2,22,3.94,203,92.57,65.77,208.97,5.1
59.71162,16.5,21,3.9,260,91.27,61.59,284.08,8.08
40.49917,28.5,26,5.06,247,96.31,60.31,248.94,29.36
92.54139,19.2,26,4.12,187,88.33,82.51,206.45,14.84
92.2806,15.6,17,1.19,162,91.66,81.8,294.56,3.89
166.77592,23.4,15,1.93,161,100.48,73.5,232.29,6.27
167.2369,23.5,17,3.95,170,90.32,62.0,209.39,6.43
36.61608,25.2,20,5.05,188,101.49,81.84,208.0,29.02
61.7263,21.8,19,5.88,209,82.8,62.81,264.13,25.7
40.98149,18.5,19,3.97,274,100.78,67.6,262.14,19.13
95.06088,28.9,28,4.8,171,101.6,77.19,198.82,13.71
160.67792,18.0,18,6.0,267,95.6,71.09,241.5,16.12
78.17045,19.8,20,4.35,272,83.88,70.61,243.32,16.2
52.10403,22.1,21,5.79,168,84.82,66.29,280.27,4.96
33.83029,28.9,18,1.17,217,93.79,72.95,286.34,29.56
173.65672,20.6,21,1.52,155,85.5,76.48,203.58,10.51
77.45115,16.2,28,2.91,165,108.43,61.9,293.62,16.32
88.51493,26.2,20,2.71,160,82.12,73.63,181.09,21.42
111.73477,26.7,16,5.22,266,90.57,78.0,247.82,17.58
60.95158,27.5,24,4.31,190,82.68,80.3,261.98,8.5
148.59838,22.6,16,5.15,240,89.23,61.11,244.67,13.58
125.98931,21.4,28,3.74,236,89.3,72.73,280.01,15.59
92.73391,16.1,28,4.74,185,105.84,74.4,170.82,18.63
140.26815,27.7,28,3.53,206,94.78,77.91,209.61,16.84
117.35925,25.4,21,1.6,160,80.23,68.66,280.13,25.71
180.71286,26.1,16,3.93,168,93.53,86.89,174.25,12.19
40.34594,25.7,15,4.46,204,103.67,68.59,163.9,25.56
31.53759,28.5,22,3.67,160,106.75,83.01,228.49,9.13
45.02924,28.2,26,2.73,152,95.7,86.39,178.97,21.74
117.45985,22.3,28,2.53,215,103.73,70.82,228.43,23.27
58.73423,28.0,24,4.34,217,105.11,70.77,192.94,4.72
137.1652,21.2,21,1.41,185,90.11,86.49,249.49,18.34
144.07874,21.0,24,2.5,253,97.66,62.83,256.15,27.74
107.46706,25.9,16,4.33,206,106.05,85.42,165.99,15.89
148.47637,17.5,18,4.63,168,92.93,76.21,167.94,19.83
155.5666,22.7,24,3.83,241,103.71,84.24,278.5,19.44
98.36729,25.6,24,2.71,187,88.06,77.98,173.16,4.07
141.04725,25.5,21,3.13,251,105.34,76.51,174.71,8.91
69.29269,28.5,16,2.0,213,92.64,77.85,255.9,28.21
112.98484,26.8,18,2.85,185,109.17,69.21,228.18,17.65
163.51963,28.2,20,5.51,184,92.94,64.35,231.31,15.98
43.40837,18.3,25,5.48,170,105.63,74.41,251.41,11.62
42.89533,27.5,16,1.04,222,102.79,60.91,192.63,25.24
50.55012,17.3,24,5.86,236,101.62,73.67,280.13,8.48
155.40173,17.5,23,3.55,204,106.68,68.11,292.19,5.94
153.90729,16.4,20,1.1,278,84.42,86.59,286.64,10.32
91.94168,18.9,15,4.24,215,100.13,69.08,176.54,24.35
128.9103,19.6,25,5.67,223,98.05,78.26,212.56,16.23
112.98947,16.5,23,4.02,261,81.98,67.19,278.1,16.66
47.32596,26.0,15,2.64,234,87.95,61.95,201.06,28.5
146.11182,16.9,28,2.08,240,95.99,69.42,252.74,15.38
93.92567,26.0,15,2.36,219,103.6,80.0,171.86,9.47
124.37929,26.2,24,4.64,176,98.62,72.84,177.88,26.04
65.86708,25.5,23,3.41,244,109.64,78.98,243.39,13.51
100.98346,18.4,19,5.59,199,105.49,63.55,224.28,27.16
135.22338,21.1,22,5.61,259,103.25,62.24,247.99,5.38
126.15887,29.5,18,1.47,154,80.38,85.16,186.97,26.83
119.14191,29.4,22,1.54,218,105.04,62.23,192.48,10.33
33.09688,15.2,24,3.49,253,88.39,61.9,271.46,25.87
37.86566,18.4,23,1.35,241,109.09,79.41,278.83,23.81
105.12165,21.8,24,3.82,165,88.96,80.37,234.84,17.44
71.6115,18.4,26,4.15,245,90.87,66.9,282.13,13.66
52.52071,23.1,16,3.68,237,88.98,79.02,202.31,25.13
65.99456,22.3,22,4.64,236,90.83,62.69,283.84,13.1
169.4236,29.3,28,4.8,191,106.53,76.95,197.63,26.09
137.60923,21.5,18,1.64,237,88.38,81.15,262.12,7.09
65.71112,23.7,19,3.75,174,103.56,62.95,279.87,17.81
151.59046,15.6,16,4.78,154,87.26,60.48,241.87,25.24
172.83034,16.3,26,2.72,164,96.38,79.87,260.65,5.54
145.12355,16.0,22,1.98,185,84.05,82.15,246.23,9.32
71.01022,26.4,21,4.99,166,84.41,85.21,255.07,17.92
147.4746,20.3,20,4.63,250,102.72,75.79,259.16,17.29
138.64861,18.2,24,1.89,241,95.06,87.71,292.82,12.25
120.90364,25.9,28,3.55,156,98.83,80.79,228.77,14.01
157.46123,22.4,16,2.64,200,83.47,85.09,272.17,10.69
161.64365,19.6,24,4.69,154,91.97,84.77,174.68,25.8
94.11484,24.0,25,1.86,244,105.83,75.63,274.12,21.09
40.42223,23.6,23,1.89,189,102.12,62.51,162.62,25.07
154.57033,22.5,15,1.13,150,89.91,82.07,251.74,13.36
153.97557,16.8,23,4.7,277,108.38,85.35,168.33,29.23
33.15241,27.4,18,4.66,240,80.86,80.11,217.09,29.92
139.92609,24.0,16,1.24,178,89.38,78.73,293.47,6.84
92.12388,16.5,16,1.99,245,92.97,67.18,282.33,19.49
98.24224,19.3,21,3.95,258,93.15,88.66,194.85,5.55
62.34112,24.9,27,2.18,219,91.11,78.0,257.97,29.61
174.42786,16.0,20,4.25,224,87.57,76.87,243.44,15.7
183.91145,29.7,19,5.81,165,96.05,79.79,299.2,10.66
151.93941,19.4,17,1.59,163,106.82,75.76,242.11,20.6
49.34312,20.2,16,2.94,231,102.88,74.1,200.38,16.47
88.9057,20.4,19,5.34,248,89.96,72.66,226.01,17.24
126.07141,19.7,27,5.9,225,89.08,74.79,217.38,15.16
163.17685,23.6,16,3.02,222,92.54,82.7,179.84,27.89
162.74017,21.9,18,4.13,226,87.0,61.44,212.53,11.73
141.31043,27.0,15,3.53,271,87.36,85.02,173.86,19.42
152.81691,23.5,28,2.28,240,108.22,89.74,185.34,3.2
161.0336,17.5,23,5.52,266,106.19,85.95,169.71,27.98
94.55054,29.6,28,5.98,220,99.46,85.7,272.45,3.21
103.02615,29.9,19,4.77,206,104.62,79.89,168.01,27.51
109.91883,28.7,22,1.64,151,89.0,75.5,264.36,4.76
142.02186,18.0,23,2.26,224,90.86,84.49,183.7,14.56
92.71212,22.1,28,2.46,260,107.44,75.15,287.49,6.91
107.30469,21.1,20,3.44,226,90.64,72.35,180.8,18.4
101.69654,20.4,19,3.02,266,109.84,79.13,168.37,26.13
56.91933,23.9,15,1.46,261,88.17,61.66,191.6,12.31
113.22724,27.2,24,5.2,248,94.03,86.05,163.48,25.04
169.17578,29.4,16,2.77,268,90.53,72.63,161.29,25.1
49.5107,16.9,17,1.21,162,92.39,75.3,228.05,8.81
103.38723,25.0,23,2.79,210,82.81,82.25,203.84,22.74
90.04242,26.4,21,1.57,222,84.81,89.73,174.75,6.89
46.69674,23.3,21,4.68,279,83.68,71.84,265.66,21.44
174.70227,19.7,25,3.15,214,86.21,82.56,263.5,19.36
162.34466,28.7,25,4.2,167,107.01,60.55,189.6,10.18
36.28915,29.7,24,2.36,154,97.31,89.13,188.72,20.49
185.68132,25.9,20,1.78,213,82.98,60.74,238.28,4.11
89.96897,23.6,23,2.7,227,82.99,68.87,248.12,20.83
72.18676,19.1,19,1.69,249,91.41,83.34,201.76,17.36
61.97641,21.6,22,3.87,280,86.9,85.23,218.51,11.93
107.67148,26.7,20,1.39,215,106.36,68.02,187.27,28.3
94.12682,16.0,22,3.94,164,85.33,63.15,235.74,5.03
100.43675,23.5,19,1.94,165,90.62,80.54,186.37,15.91
104.62762,24.0,17,1.89,252,109.62,76.06,190.7,21.68
53.85395,23.1,28,5.17,235,83.24,80.92,235.9,4.15
158.89793,25.3,26,4.96,211,93.37,66.64,286.58,7.9
109.89934,18.6,15,2.41,223,104.36,64.35,222.49,28.88
93.72228,27.0,28,5.58,167,109.96,79.24,215.89,29.29
88.73857,29.0,25,5.41,168,89.36,78.56,260.14,29.96
40.51474,23.8,16,3.92,171,90.28,77.52,270.59,8.45
138.73198,28.7,28,3.61,180,80.4,68.84,175.58,15.45
100.96957,16.0,21,1.63,197,96.18,84.28,295.28,16.43
145.48973,20.8,23,3.09,216,104.9,69.69,199.77,12.03
89.65691,16.3,22,1.85,208,87.25,88.92,210.33,8.59
179.28717,29.0,18,3.97,232,103.96,60.65,263.5,24.51
126.73682,19.8,19,1.77,228,106.7,64.24,178.04,13.57
142.22058,22.1,18,5.65,216,89.47,74.62,242.69,20.22
57.1178,27.9,24,5.34,163,93.37,71.32,294.61,16.83
82.95145,25.5,20,5.36,170,106.39,78.76,181.73,18.91
46.60194,27.7,17,2.81,245,82.99,89.34,253.78,11.97
167.90341,15.9,21,2.93,171,101.35,60.25,197.96,5.6
79.9859,28.8,22,4.26,176,87.42,83.73,189.24,13.94
34.92223,23.3,24,4.71,206,102.36,63.53,164.74,24.64
52.12103,17.3,25,2.4,223,103.01,67.31,222.81,20.49
141.90786,22.9,18,2.34,215,94.07,86.77,266.02,13.06
181.4447,29.6,27,3.42,238,92.71,78.7,183.91,9.55
53.10406,26.8,26,5.53,255,81.18,61.46,207.39,20.5
164.96034,24.3,15,1.33,211,92.57,88.14,185.85,13.63
171.94259,22.4,22,3.58,253,97.84,78.64,225.4,29.22
66.91132,24.8,27,1.79,201,80.33,62.86,258.43,28.15
174.10511,27.4,27,2.09,270,106.79,88.12,232.66,27.44
93.08989,18.5,25,5.88,266,109.35,72.43,178.07,11.83
159.8105,23.1,22,1.8,199,83.37,63.15,246.94,4.35
150.75314,18.0,26,2.59,183,92.31,86.76,209.75,6.99
155.64716,22.2,16,5.06,203,80.02,76.04,201.75,11.39
100.6282,22.0,26,2.37,163,89.45,69.21,247.08,28.84
128.6409,29.3,21,3.69,272,93.05,65.28,207.24,29.94
98.00838,21.4,22,3.83,184,87.66,82.53,197.93,24.11
174.54416,17.6,22,5.98,260,86.94,79.56,221.14,6.71
65.40159,28.8,19,2.52,205,81.56,85.04,227.88,25.18
184.01242,18.0,26,1.66,270,106.89,64.99,275.77,9.16
188.10301,29.8,22,4.01,237,85.58,79.24,247.59,25.11
58.34553,18.0,16,4.22,150,109.84,85.03,241.01,16.61
132.46168,29.4,26,2.06,255,94.91,89.22,250.17,19.82
139.88746,20.8,19,2.59,164,107.95,67.84,243.92,29.78
189.07455,22.6,21,1.7,268,103.04,84.67,225.34,13.91
181.7675,28.0,26,4.43,230,88.74,63.13,199.84,23.59
123.48206,23.5,15,3.13,238,82.34,88.02,248.95,27.45
101.6294,22.1,15,4.33,248,83.98,73.65,191.11,29.15
42.81858,21.6,19,2.34,176,97.56,74.62,235.75,6.36
31.21466,22.5,15,3.98,164,81.75,76.61,215.94,18.31
120.47932,28.3,23,2.58,221,83.12,68.62,203.36,21.05
93.10298,26.5,15,1.37,237,88.07,62.44,161.58,25.5
99.63538,17.8,15,1.92,153,94.78,65.17,201.21,10.37
72.31468,26.5,19,5.67,274,108.47,69.0,166.02,17.5
67.26622,16.7,15,1.47,190,97.89,88.13,273.1,15.33
39.34866,23.9,15,2.97,237,108.2,72.69,204.55,27.44
146.55192,25.9,21,5.7,223,109.44,88.77,216.61,24.45
113.46647,26.9,27,2.37,242,88.32,61.44,220.79,20.19
101.55884,26.7,23,3.97,226,93.72,77.12,286.0,11.01
44.43058,23.1,25,1.02,167,96.68,61.53,294.13,15.08
112.376,26.5,23,3.28,264,92.71,73.44,176.41,19.61
158.02962,23.3,23,1.78,151,99.03,80.31,177.57,26.79
116.00956,28.0,26,3.55,156,90.07,79.85,252.63,17.52
110.04246,17.0,24,3.06,170,90.38,64.48,299.89,21.78
71.0942,25.7,23,2.71,184,100.79,71.0,272.82,27.8
115.56733,16.6,26,4.05,180,92.79,74.74,231.22,25.93
161.60916,19.9,21,1.22,159,97.83,79.01,290.67,6.29
131.07009,21.2,28,1.11,270,90.46,74.89,207.79,23.07
86.16911,29.9,23,1.25,251,83.47,75.95,164.11,24.03
163.55358,29.9,16,5.69,264,104.85,64.82,218.74,20.26
137.5029,22.9,24,5.75,155,80.31,60.27,200.71,16.69
48.82237,25.5,27,2.17,214,85.65,85.77,165.93,6.69
68.29701,17.7,16,4.22,157,89.71,74.52,274.83,25.65
95.00356,19.9,22,5.6,168,83.58,67.13,188.84,28.3
73.10633,26.1,27,4.55,229,91.94,67.47,178.05,26.14
185.81202,25.8,17,3.17,225,82.4,71.79,298.0,11.81
114.40788,17.9,20,5.88,227,109.08,64.27,186.32,28.69
109.95623,15.1,25,1.36,160,99.69,76.02,238.86,13.8
186.43896,15.3,23,1.27,274,89.38,71.13,298.22,29.08
39.8182,22.8,15,2.06,150,95.72,85.98,214.76,4.54
147.06282,26.9,24,4.7,160,92.87,88.8,208.94,18.27
49.01183,22.8,28,2.99,201,90.14,69.73,226.08,5.5
97.67303,20.6,25,3.62,241,80.49,89.0,296.59,5.46
176.77062,15.3,25,1.87,195,86.05,88.21,165.06,11.33
119.99564,20.1,19,3.49,232,104.61,83.79,216.92,9.86
74.79861,28.5,19,2.94,176,106.84,83.78,197.68,8.33
69.29048,26.8,16,1.93,192,99.02,63.87,288.46,27.7
162.63899,19.3,26,5.41,202,102.93,61.9,261.46,4.54
163.70911,19.3,27,2.85,232,87.08,77.64,218.28,6.81
143.28489,24.1,25,4.51,234,99.92,84.09,270.2,4.07
39.07028,18.7,18,4.31,232,109.52,67.48,206.19,25.48
38.1375,25.7,26,4.86,202,101.75,68.62,176.97,11.29
150.60168,28.4,17,1.61,272,106.02,85.65,181.53,15.18
112.59959,21.0,16,4.79,242,82.8,75.07,186.05,16.41
105.86335,18.9,18,4.25,163,103.75,61.8,205.47,4.03
62.87428,19.1,22,3.81,211,84.51,85.13,186.31,11.12
187.94212,17.5,28,3.52,220,91.71,64.69,236.04,21.26
132.74729,15.4,23,2.26,250,103.13,71.06,292.55,16.77
136.49769,25.1,21,5.84,155,101.05,68.79,168.03,26.31
75.87216,20.9,20,2.67,185,97.63,87.16,295.83,12.88
71.34063,17.3,18,5.77,244,93.6,79.48,165.59,27.45
96.80592,25.0,23,5.14,175,106.69,67.08,191.97,25.99
142.01807,27.2,28,5.89,189,100.75,80.28,237.59,9.79
178.92121,25.6,19,3.77,178,88.52,67.25,182.76,22.98
75.93674,29.0,24,2.6,160,90.48,84.6,179.63,17.92
95.93527,20.7,28,5.94,260,101.21,82.55,175.3,21.56
136.10247,22.1,23,5.4,181,89.71,83.1,235.12,25.89
40.41928,20.7,20,2.81,248,80.47,69.43,173.14,20.79
34.58119,19.8,25,5.73,262,95.02,63.25,280.91,11.26
64.50329,21.9,19,3.2,179,89.6,64.29,174.62,23.51
59.5343,17.4,19,1.48,218,97.31,68.33,293.96,14.31
33.19494,21.0,27,3.88,161,94.9,89.96,186.87,13.99
176.88658,20.2,16,1.46,165,85.97,68.62,281.12,4.97
182.82539,27.4,17,1.99,258,82.59,66.24,226.32,18.07
118.73021,26.7,20,5.54,185,82.91,86.2,260.59,12.28
136.93316,21.0,17,3.82,280,89.84,74.88,178.44,3.25
154.05275,26.9,15,4.49,153,90.87,81.35,285.71,15.41
38.52947,20.1,21,1.27,271,80.39,63.96,189.66,17.15
122.81774,25.4,17,2.01,161,82.63,89.16,262.79,15.91
171.6903,23.0,15,1.82,258,87.66,66.79,243.49,28.31
120.53512,17.7,25,2.84,250,101.98,68.5,261.0,8.34
129.41522,21.1,17,2.92,166,95.88,60.2,212.79,3.27
45.07083,29.2,20,4.01,179,100.96,66.66,275.27,26.78
158.51986,22.0,17,4.21,275,91.18,84.27,162.29,12.94
94.32616,23.5,20,5.69,204,87.36,68.65,199.05,4.56
95.54393,23.5,23,3.02,265,102.77,79.34,196.93,4.69
32.23312,26.1,17,4.69,247,108.9,79.89,224.8,23.87
118.65705,28.3,28,2.28,154,100.39,88.27,268.27,26.61
48.74865,25.3,19,1.2,159,104.95,80.26,239.91,14.93
69.11192,27.1,20,3.74,276,85.71,70.8,264.1,24.9
166.74333,17.0,17,1.51,241,108.79,88.29,237.89,13.66
43.4037,22.8,28,1.73,220,107.23,87.75,161.37,12.36
59.48067,27.8,28,1.58,267,91.3,68.55,210.7,13.19
119.18271,21.8,24,3.16,200,81.38,89.75,290.28,3.9
35.17043,17.2,20,3.85,196,88.52,87.55,291.14,8.49
121.96006,24.6,16,2.88,271,94.94,80.06,215.12,9.02
37.68612,16.9,27,3.02,224,82.69,70.99,282.08,13.56
148.81256,22.1,27,4.69,164,101.53,63.68,252.63,6.62
59.89148,16.5,28,3.73,180,83.39,86.33,192.58,6.07
82.84105,28.3,24,1.71,201,105.69,63.28,199.7,11.83
109.24118,29.1,27,5.29,208,91.98,86.37,296.84,27.17
56.78393,17.3,26,5.94,181,98.81,73.55,276.47,8.74
64.91323,16.4,15,1.73,254,82.29,64.48,187.92,13.68
174.77158,18.2,19,4.96,152,94.29,63.19,181.49,25.65
66.80109,15.9,27,1.07,261,100.07,70.76,244.17,21.44
73.27171,16.6,27,2.9,213,101.96,88.87,276.58,4.0
158.96406,22.6,21,3.07,198,105.87,74.97,172.12,26.05
124.17261,23.2,21,2.81,165,105.81,77.41,283.91,20.78
103.77045,15.5,16,2.17,180,83.15,83.98,215.3,3.78
154.31307,22.9,28,2.71,169,92.1,67.65,258.71,5.59
55.27496,28.7,27,3.22,227,86.11,75.18,253.56,7.56
129.01886,22.5,23,2.14,159,82.97,69.57,265.01,11.13
160.3943,16.5,16,2.41,168,103.82,71.32,278.15,29.43
134.19283,22.7,22,1.02,253,106.31,66.9,252.76,28.99
33.04146,16.9,25,2.79,270,96.48,71.93,219.73,15.63
82.07591,21.4,27,4.27,278,108.36,72.79,279.2,14.97
41.3735,16.9,20,2.5,212,86.23,87.22,275.7,3.29
90.93661,29.1,23,5.83,253,85.53,68.83,259.13,8.11
43.01868,20.7,18,4.35,220,97.9,85.84,165.33,4.77
75.36155,26.5,18,5.68,164,89.97,61.84,184.14,3.89
117.36657,24.7,27,3.94,186,86.01,61.74,227.59,16.64
68.6573,20.8,27,2.72,199,99.2,86.38,256.6,27.11
183.08472,27.7,22,4.91,176,101.95,68.82,299.26,14.71
93.31094,21.1,20,1.47,196,101.13,77.13,272.2,22.06
85.04289,26.1,23,2.43,164,109.0,86.64,295.36,26.44
129.61942,18.7,27,1.09,241,94.13,62.35,284.1,27.83
62.43119,29.9,15,2.13,278,84.4,68.8,272.28,25.62
61.71242,25.3,16,2.49,245,100.32,73.79,233.72,8.15
108.62861,20.9,25,4.46,258,94.47,68.37,196.74,21.31
86.6411,25.5,15,3.9,175,106.8,65.87,184.97,21.88
102.99014,26.8,24,5.49,265,109.54,70.26,273.2,22.38
164.88763,28.2,26,1.47,262,81.02,82.81,185.11,3.45
173.97046,19.0,15,3.31,273,94.64,86.84,298.49,10.73
128.09414,17.9,26,2.33,214,107.95,78.86,276.94,10.63
142.16913,17.6,16,1.93,151,100.39,62.68,280.76,22.82
183.06691,24.3,26,3.19,151,89.23,65.72,267.61,12.06
67.41742,17.3,28,3.94,184,88.79,69.84,247.7,4.48
124.98253,29.1,28,4.26,159,95.51,81.55,186.04,9.23
144.77353,15.1,20,3.5,163,85.89,79.76,197.8,18.31
62.44917,15.8,24,3.49,156,82.69,88.76,171.84,9.81
127.27078,23.9,15,1.25,185,97.29,76.12,254.08,22.96
46.3286,21.9,21,4.29,192,82.83,79.13,237.44,26.71
114.23465,16.8,24,5.63,276,87.3,86.46,289.21,17.09
101.6417,24.5,27,5.65,191,97.54,85.13,233.28,23.64
139.71599,20.7,15,3.5,240,97.5,83.32,201.49,28.35
157.24523,29.8,20,2.83,215,108.03,77.44,205.2,28.86
112.26692,19.3,18,3.32,179,90.79,66.9,272.73,20.87
113.63301,27.6,15,5.47,201,98.16,77.11,164.42,8.58
66.37429,25.7,22,3.19,243,89.85,84.96,217.66,23.8
148.43869,17.5,27,1.45,180,88.51,89.16,201.05,28.51
174.82633,15.4,16,5.53,195,81.38,73.08,186.32,27.35
95.70243,22.4,22,4.25,211,107.8,74.19,181.83,14.47
36.51901,24.2,20,2.88,170,95.2,75.79,193.47,10.92
189.72965,26.5,18,2.84,191,109.55,61.16,274.6,24.82
58.29797,27.0,15,1.95,221,97.49,76.29,284.42,5.57
32.51356,15.2,21,3.45,235,101.29,71.51,222.21,18.4
148.60984,16.0,18,5.95,168,107.15,87.23,179.93,18.29
34.2815,29.4,19,5.41,181,108.26,70.36,206.04,28.88
141.70133,18.2,25,1.52,218,97.74,86.04,212.64,23.29
117.25563,17.4,20,2.1,265,99.01,72.57,271.87,12.1
148.18231,18.4,19,5.19,249,95.57,77.5,217.69,27.02
52.48546,28.4,25,1.95,157,87.71,62.08,205.99,8.84
45.69658,29.4,22,3.32,192,95.2,65.28,283.16,11.4
60.58377,26.2,23,3.74,256,97.74,76.57,270.66,10.31
108.46303,15.5,26,3.91,271,88.1,74.67,198.93,5.68
139.04484,21.7,22,3.77,163,80.73,74.71,241.79,13.58
177.93361,16.5,27,2.3,228,89.67,68.44,244.3,17.34
46.78086,17.5,27,4.94,161,90.7,88.13,180.91,11.71
72.57093,20.5,24,5.52,178,93.55,63.99,275.25,20.78
183.30286,20.9,22,1.13,235,88.82,74.6,212.05,20.51
70.75632,23.1,20,5.26,246,82.04,61.32,279.94,14.53
49.81757,26.8,27,2.91,150,100.26,68.8,219.14,24.21
33.76307,22.9,25,3.69,220,103.22,75.8,291.43,15.21
76.06998,28.9,19,1.42,225,107.64,70.26,231.32,19.43
148.40333,15.4,22,4.03,226,93.37,65.54,292.01,3.33
113.89004,19.1,19,2.6,219,95.22,81.59,180.89,14.84
99.03863,21.7,22,5.77,209,80.57,62.35,255.24,4.57
110.11101,24.7,21,3.05,243,95.22,88.23,241.03,28.87
117.16241,20.5,27,3.73,224,108.61,68.44,190.89,7.3
109.57836,19.2,20,3.93,193,101.27,84.92,267.83,20.4
157.95782,27.4,16,4.63,188,91.11,80.72,183.6,20.35
130.55963,19.2,25,2.15,229,104.16,63.13,250.52,13.95
129.29163,16.8,27,1.22,278,92.58,63.81,278.23,11.98
75.54717,28.9,17,3.42,277,95.96,67.87,163.05,15.84
148.09529,28.1,17,5.57,208,104.46,79.72,218.67,20.57
165.9888,19.4,23,2.44,249,87.51,67.37,237.99,19.99
68.9498,15.3,18,2.09,165,99.1,77.1,297.4,10.17
94.94976,28.4,26,4.61,275,96.59,71.49,232.64,11.78
43.81114,27.9,26,1.14,201,103.54,67.09,172.01,12.74
64.79652,27.7,20,5.83,217,96.64,67.59,253.92,10.27
49.5932,23.2,17,2.13,169,96.37,86.09,269.66,16.05
131.29839,23.2,18,1.79,228,88.33,62.32,168.46,9.36
50.99552,26.4,26,5.71,233,86.2,62.57,275.61,19.04
173.29623,16.0,18,4.98,227,104.12,64.88,260.54,4.82
180.96763,15.3,24,1.95,191,99.24,87.79,252.57,6.87
60.43394,21.0,20,1.26,167,94.03,60.18,256.37,22.88
108.5771,16.8,27,1.91,234,103.78,64.91,213.95,13.55
51.8366,27.8,19,3.45,173,83.4,85.2,215.1,26.33
80.90638,19.0,21,3.1,192,96.85,87.91,176.62,24.32
59.88271,26.2,16,1.07,263,84.91,65.05,252.3,13.91
104.45426,27.8,25,2.21,156,99.86,71.6,232.17,27.04
132.72854,24.9,17,2.86,277,101.63,81.52,211.03,10.08
125.33816,16.8,22,1.68,256,99.64,61.74,203.54,5.62
32.0819,21.2,18,4.85,234,82.01,67.77,180.28,26.59
46.80829,20.3,28,4.61,177,98.8,67.77,188.94,23.74
136.99843,16.0,22,2.65,230,92.35,83.67,170.0,17.82
172.88989,28.6,24,5.36,199,90.27,79.29,204.71,6.72
53.16265,21.0,23,1.35,278,107.6,87.85,171.89,14.23
83.26873,16.3,25,5.91,246,84.37,76.73,269.31,7.2
82.71025,15.1,21,2.1,166,87.97,87.11,199.87,9.22
144.54169,22.5,16,3.26,265,97.17,80.1,162.5,19.3
85.7547,20.7,26,1.18,272,100.48,83.63,269.52,18.65
55.64113,27.2,22,3.35,166,83.98,86.48,256.1,28.71
117.86885,17.9,21,1.04,223,81.49,89.62,293.23,26.91
58.29747,26.1,19,5.78,240,103.9,69.36,203.44,9.43
100.1224,17.4,22,5.55,206,87.07,79.26,264.11,10.74
64.85778,24.3,22,3.47,277,93.59,80.28,253.55,8.29
38.42278,25.8,25,2.69,272,106.33,83.75,184.43,20.56
102.61193,18.8,22,4.86,193,109.9,80.97,269.41,29.07
159.64912,20.8,26,2.79,156,94.5,69.52,250.5,10.27
177.77519,17.1,26,1.46,264,84.05,76.79,292.6,29.03
54.53299,25.3,20,3.55,177,81.32,85.01,207.38,27.4
43.01364,28.8,27,3.98,255,96.57,69.34,188.77,28.71
130.99258,26.4,16,4.16,173,105.68,66.21,274.87,7.32
121.52051,20.7,15,3.95,278,95.85,60.86,270.08,8.03
159.20495,25.1,22,2.73,182,92.63,70.05,280.22,22.72
126.00618,26.4,24,4.73,152,95.02,86.92,190.7,21.03
101.03036,15.3,18,3.9,268,103.03,61.91,198.62,20.94
157.80736,25.2,16,1.77,179,101.96,75.82,211.18,25.76
118.02996,19.3,28,5.72,186,82.93,87.07,226.36,26.63
34.77809,21.4,23,4.73,171,91.04,81.84,206.38,19.17
173.21727,25.5,15,1.37,238,80.27,89.86,220.63,22.83
39.05838,18.3,24,4.62,164,82.98,64.14,283.85,21.72
184.92048,17.2,27,4.19,204,109.71,73.04,203.49,29.17
180.98868,17.0,25,3.22,182,95.09,78.93,285.15,13.3
133.40742,29.8,28,1.29,220,88.33,68.76,283.58,16.71
113.05757,20.7,15,3.56,241,97.81,84.5,217.34,10.74
58.8505,17.6,19,1.85,230,103.28,85.08,289.32,24.27
48.16074,22.0,24,2.41,198,92.56,76.31,170.85,24.27
121.22696,22.1,22,4.11,165,82.88,85.67,260.48,5.97
159.84032,18.6,27,1.43,275,98.78,70.08,174.33,9.75
152.47151,28.7,25,2.26,275,88.58,77.42,174.96,18.67
170.02035,19.9,24,5.41,193,84.1,87.61,274.0,15.89
135.26621,15.8,27,1.08,272,87.08,74.87,215.2,16.44
57.27812,21.8,18,2.09,227,92.59,87.42,188.39,4.71
149.54106,20.3,26,4.8,253,102.38,81.02,234.71,19.16
141.19968,22.5,23,5.46,213,81.79,73.96,199.41,28.6
50.06587,27.4,25,1.47,228,100.83,70.53,173.32,27.56
52.93473,20.2,28,4.58,214,81.63,62.65,197.69,11.24
72.85832,23.4,18,4.41,277,109.17,74.17,262.03,6.17
74.5277,24.4,25,3.44,161,98.11,89.12,260.07,7.62
159.16867,23.0,18,3.14,233,82.65,68.28,210.63,25.07
179.58246,16.9,20,1.21,202,80.63,68.35,264.47,13.91
179.84393,19.7,17,3.52,265,96.46,78.98,273.3,5.81
108.93814,19.6,24,1.79,159,91.93,67.04,236.04,27.24
116.69156,17.9,16,4.86,227,88.65,63.66,177.3,20.62
187.16128,21.8,21,5.48,160,102.1,87.53,286.99,19.01
123.00742,28.7,26,3.79,202,91.7,66.03,289.21,20.35
55.22331,24.1,23,2.38,172,107.3,73.64,272.23,20.47
41.45978,20.0,22,5.7,199,104.91,77.65,214.35,19.84
41.95296,29.7,24,5.95,207,97.2,67.53,260.57,3.7
110.97121,16.4,28,4.61,153,87.11,60.08,248.19,18.5
174.43712,24.9,16,1.98,169,93.39,66.64,199.25,10.4
67.12185,23.3,17,4.27,188,93.05,73.84,223.74,22.57
137.7018,25.3,24,4.94,215,105.98,62.52,295.5,15.72
182.51843,27.3,25,3.48,195,85.35,78.69,171.63,19.36
70.10962,16.3,23,3.36,180,93.94,86.36,195.39,22.34
67.97542,28.8,16,1.51,249,86.86,65.98,274.84,23.16
170.79133,19.9,17,5.66,160,96.21,65.38,221.05,3.48
144.99993,17.6,16,1.58,194,90.48,82.53,172.51,27.65
186.17912,16.7,17,4.71,202,98.49,60.78,239.62,24.93
144.70759,20.7,26,2.45,227,92.62,73.04,174.31,20.64
140.37394,21.4,24,4.66,250,95.26,73.16,253.08,25.36
64.99258,26.6,24,2.86,233,93.04,82.42,189.21,13.53
44.83741,16.7,25,1.19,237,105.81,60.5,176.75,22.14
118.63646,17.7,21,3.02,159,102.65,81.62,181.21,10.25
64.6893,21.4,28,1.53,194,89.12,61.01,165.92,11.36
43.48137,29.5,27,4.64,223,98.88,82.44,205.44,5.93
78.67867,15.8,25,1.72,230,91.48,76.44,299.45,29.65
37.11495,21.1,28,4.74,206,99.13,85.77,282.46,3.42
110.2155,20.2,21,3.42,216,96.35,81.25,212.39,26.87
148.3807,22.3,17,2.52,217,94.42,74.06,262.03,20.11
80.09977,26.3,15,3.4,184,102.52,89.26,277.93,24.85
82.04678,23.4,26,2.61,278,94.55,84.34,160.0,5.08
175.33456,25.6,20,4.99,245,100.08,87.44,184.38,6.43
110.83041,26.8,23,4.4,263,96.42,73.74,198.24,23.21
110.79556,18.6,17,5.5,231,104.45,79.18,262.03,5.02
175.38369,23.7,25,2.46,240,84.07,63.98,289.35,9.46
73.09386,21.7,25,2.03,262,87.59,69.65,235.4,13.93
127.59201,27.5,17,5.64,186,80.37,65.7,276.4,13.87
180.53752,18.0,28,2.77,154,80.07,67.51,289.07,25.62
160.80247,21.4,20,1.74,164,99.74,88.06,220.81,17.1
189.839,26.3,24,1.87,186,97.33,70.87,276.38,14.47
169.73336,27.8,22,2.93,235,104.29,88.12,287.88,17.35
112.98838,28.9,21,1.18,151,89.03,88.92,227.99,15.12
36.98937,15.2,17,5.36,203,98.41,69.97,223.51,18.78
38.01187,28.8,20,5.49,198,80.39,83.83,268.78,12.73
86.06613,26.2,26,2.61,263,98.14,70.01,287.83,12.07
83.6247,24.7,19,1.4,224,81.36,80.16,177.88,14.16
32.50755,15.0,16,1.34,247,98.9,87.51,284.16,20.86
149.366,18.7,23,5.75,273,103.12,79.56,226.07,24.02
130.60581,18.6,24,4.45,178,96.58,76.14,250.27,16.94
64.94278,22.1,21,4.83,238,104.62,63.62,176.63,29.99
86.04471,28.9,16,4.34,244,84.68,79.54,167.33,11.74
127.01277,23.2,19,5.93,218,98.99,61.4,214.17,27.15
35.88315,22.0,20,5.88,203,98.73,67.24,267.89,3.85
127.22356,27.3,28,1.65,262,107.42,84.32,245.86,6.76
154.05718,18.6,27,2.34,176,108.22,62.92,231.16,28.37
97.26299,16.9,16,2.21,241,97.23,73.88,287.57,27.12
80.78634,19.7,25,2.32,247,100.14,80.66,277.32,21.27
94.03359,24.7,17,1.92,204,103.82,87.88,208.08,8.66
98.51451,26.0,19,1.51,279,94.08,61.44,284.69,29.96
134.38294,28.7,23,5.1,165,97.83,87.94,258.94,14.64
153.87242,24.4,15,1.25,249,97.8,88.53,170.21,6.88
132.85491,24.7,24,3.52,218,94.81,77.05,258.37,18.47
116.72558,19.5,18,5.96,200,83.33,66.81,164.2,19.22
57.40206,22.3,20,5.21,179,90.33,76.34,161.72,29.63
183.62178,26.5,22,4.02,252,80.68,60.19,199.91,24.37
78.22253,20.3,28,2.31,255,99.15,67.89,193.04,7.18
66.29626,17.2,28,4.29,262,96.41,73.73,228.28,19.6
138.27117,19.4,16,5.29,152,91.24,83.47,229.73,9.38
118.42145,17.4,27,4.47,172,82.42,76.12,208.23,11.71
168.13918,28.6,17,3.51,194,94.08,62.97,248.39,4.55
79.88133,21.3,15,3.86,253,104.42,85.27,272.15,7.6
148.7471,17.7,20,3.14,177,83.24,73.05,297.62,15.56
82.56251,26.6,26,5.82,150,91.18,64.04,277.92,29.22
100.57087,21.6,20,2.91,240,101.59,65.51,276.78,13.12
105.33205,28.2,23,4.07,214,104.27,62.46,193.4,5.1
128.63143,27.8,19,5.3,271,86.74,62.62,289.75,26.01
45.21628,15.7,25,2.44,229,97.93,83.33,222.88,15.33
181.15241,25.2,25,4.4,161,105.68,72.16,297.46,15.4
72.96423,23.2,18,1.98,247,106.27,76.11,270.22,3.26
57.59706,15.9,26,1.18,250,108.93,65.68,181.29,24.5
47.90861,19.6,23,2.9,156,87.86,70.5,161.91,10.01
153.81967,18.8,26,5.06,219,88.84,61.34,162.22,9.98
119.14188,24.0,26,4.56,210,88.77,89.03,194.38,9.14
62.96829,22.5,22,2.06,254,99.46,67.82,180.34,9.26
78.1595,18.2,17,4.75,193,99.65,82.83,278.89,29.76
156.47471,17.8,15,1.89,224,81.3,78.46,245.13,14.55
63.69821,22.1,22,1.6,224,82.11,60.86,287.41,3.28
179.00289,22.2,24,5.93,275,92.13,68.75,266.69,23.34
88.33939,18.0,26,5.47,168,99.85,67.76,261.9,11.25
116.14884,24.8,16,3.13,265,104.64,76.88,238.13,7.97
58.62501,16.5,22,4.02,162,109.95,85.55,214.43,24.2
98.01007,24.6,19,3.79,248,108.62,73.06,239.23,9.59
57.87745,28.7,22,2.95,163,83.57,77.87,216.43,27.41
42.07308,16.5,27,5.08,217,99.05,85.62,244.91,8.59
170.98625,24.0,18,1.83,153,94.22,88.4,180.79,10.59
47.9947,25.7,18,5.03,211,92.73,79.39,203.59,11.35
188.45723,24.8,16,1.44,164,101.06,85.66,211.96,8.38
134.79144,21.8,25,4.72,214,81.64,72.53,194.98,10.97
84.61774,20.8,15,2.52,200,94.26,86.44,298.38,12.36
184.03689,26.2,24,5.63,270,109.47,74.5,278.16,25.56
136.01502,17.8,19,5.18,201,96.94,66.65,290.81,16.97
107.87834,27.1,22,3.46,277,105.49,79.97,164.23,15.36
65.21297,19.0,25,4.94,219,98.48,83.37,264.75,9.74
41.19407,28.2,16,2.15,171,102.77,79.53,258.39,3.15
156.18716,22.6,18,1.9,227,82.8,75.15,297.33,15.78
157.79888,26.5,18,4.06,168,105.89,81.67,243.82,5.19
186.6939,29.5,15,1.35,228,109.8,72.03,263.23,22.35
47.6214,28.0,17,5.23,271,100.56,64.71,219.78,28.26
120.23865,23.4,23,3.78,267,107.93,78.64,184.6,28.92
163.40142,15.1,16,5.52,170,87.0,63.55,279.86,5.03
155.6105,21.1,16,3.72,193,108.43,66.33,166.04,4.53
68.84029,25.5,24,4.55,152,89.11,82.22,222.56,24.21
174.29535,20.1,15,4.76,206,84.78,78.8,280.32,11.03
121.25797,28.9,24,4.63,166,101.28,70.41,278.27,3.77
135.16601,23.1,20,3.21,251,85.6,62.08,204.96,23.72
100.52658,26.3,23,4.56,233,91.44,68.19,192.8,21.8
59.29195,22.0,22,4.02,157,97.61,66.08,210.45,18.38
30.65247,21.0,20,1.42,184,97.18,89.01,168.28,15.17
42.42658,28.3,15,4.93,171,102.41,89.17,270.17,28.23
87.35435,26.8,20,1.01,203,103.99,82.71,198.41,8.28
95.70579,28.6,25,3.97,218,86.71,84.29,284.78,28.29
57.85429,15.5,20,4.43,230,93.86,71.38,283.72,21.31
155.55544,18.0,27,1.88,220,84.55,62.19,280.06,18.65
171.44059,19.4,25,3.76,269,83.77,69.43,251.36,6.86
40.25639,28.2,25,4.82,247,109.41,79.07,252.81,18.01
170.56141,18.2,26,4.36,273,94.93,67.84,164.93,19.38
60.10284,21.3,21,3.57,180,88.08,76.71,242.14,13.26
93.76819,17.3,25,4.91,215,100.44,66.39,219.2,27.45
89.85559,23.8,21,4.28,201,94.27,76.45,299.95,25.05
117.12952,17.1,17,2.93,204,87.51,70.68,170.98,4.7
180.7309,16.1,17,1.68,230,80.53,87.95,246.92,25.47
126.13883,25.9,24,5.08,185,103.8,78.12,226.21,6.95
62.06699,27.9,19,1.09,160,84.64,81.78,250.78,29.77
48.37614,29.9,16,2.83,213,85.14,81.02,170.68,6.92
139.16897,16.7,20,4.9,169,95.14,62.34,223.48,11.79
129.31538,26.0,22,1.2,278,100.83,72.79,190.12,26.58
51.53903,19.4,22,2.02,159,85.09,70.96,253.26,11.62
155.75828,22.7,20,1.41,150,109.55,65.64,281.31,10.35
31.94638,18.8,18,4.44,182,103.52,67.64,223.68,16.83
182.77124,15.3,25,4.01,231,99.16,88.81,198.26,12.43
122.24045,15.6,26,3.58,246,98.5,60.28,162.89,10.15
136.14004,17.3,23,1.63,261,89.87,67.46,292.48,24.23
32.89933,20.2,27,4.74,266,83.27,67.75,279.46,23.03
86.46634,24.4,21,2.99,247,87.37,84.66,261.54,11.71
179.63955,22.0,17,5.7,208,83.71,87.64,175.36,23.01
72.91818,24.9,21,3.13,260,97.55,79.7,184.19,18.74
164.38271,20.5,27,1.58,259,82.61,70.75,223.79,12.37
68.67279,26.8,26,5.36,279,105.4,71.73,289.05,25.06
121.48181,16.1,15,5.24,228,104.45,87.65,199.66,22.38
118.40317,28.6,24,2.61,245,84.25,85.51,285.89,14.97
126.69211,26.5,17,5.91,174,89.5,67.48,240.98,15.83
76.3429,25.4,20,5.26,255,104.82,67.93,180.38,23.0
46.96447,23.9,26,1.54,200,94.68,82.06,259.02,7.09
138.62637,20.2,24,5.42,272,109.18,64.02,257.43,24.0
130.71601,26.1,25,3.03,273,104.43,70.17,276.66,6.61
46.46472,23.5,16,2.08,235,92.47,84.2,232.93,18.02
95.29404,23.6,16,5.93,246,96.55,86.58,210.65,27.57
103.38274,17.8,28,3.4,185,101.56,76.78,160.27,14.71
86.59914,28.0,26,5.99,261,89.96,79.0,247.21,24.14
148.84642,28.3,28,2.55,185,83.28,68.81,177.56,13.74
88.93464,17.8,19,3.17,190,81.96,63.7,270.38,29.51
110.15755,23.3,23,1.3,195,88.28,88.58,206.34,15.04
128.32136,20.5,25,3.19,255,98.6,66.42,220.67,19.39
144.12302,21.1,22,1.16,156,90.89,85.3,259.71,25.46
129.67021,17.1,24,4.37,248,93.85,82.37,201.18,16.19
132.24662,23.3,23,2.51,186,95.5,70.94,273.71,8.15
79.7966,26.3,28,5.54,186,83.36,81.38,200.71,27.76
108.87331,17.0,20,1.23,280,96.26,65.95,201.53,27.09
30.34976,24.2,26,4.48,231,99.35,74.51,262.82,10.53
97.1953,17.8,25,1.07,185,99.96,66.35,241.97,15.69
78.88614,24.2,18,2.91,231,86.51,83.31,193.78,22.0
84.71716,18.2,23,5.13,274,106.02,87.73,212.49,15.33
95.16817,26.5,22,1.23,207,97.29,85.97,245.68,12.2
181.96395,18.2,16,2.96,172,108.1,77.15,237.32,17.3
122.72426,28.9,20,2.86,187,108.08,80.9,169.99,27.75
106.1206,28.6,17,1.88,188,108.18,87.12,212.77,3.17
103.02359,19.0,16,4.66,153,86.44,80.13,252.28,23.65
105.78161,29.4,20,3.89,161,103.29,75.54,184.67,14.45
47.041,23.0,15,5.57,219,102.52,87.28,171.59,18.42
100.05079,27.6,15,3.14,232,82.54,72.26,279.8,23.12
67.39063,18.8,20,2.19,238,109.0,88.71,207.37,8.08
131.31432,16.5,19,5.89,179,91.44,78.52,249.53,13.88
154.2321,20.6,24,1.68,208,95.57,84.51,269.37,8.3
169.96934,26.9,25,1.69,258,108.95,77.5,263.09,23.89
155.90772,15.8,20,3.93,201,101.24,64.4,223.02,19.62
103.35577,22.9,15,4.03,162,108.44,71.8,255.51,20.05
44.8616,24.5,25,4.22,155,97.86,87.04,234.99,20.87
173.0803,18.9,17,5.47,224,103.6,64.13,265.63,21.37
77.72389,27.6,20,1.91,169,80.25,69.87,258.9,18.08
140.09008,23.7,22,5.17,200,107.31,84.08,287.76,20.42
68.21354,23.2,27,4.72,243,86.08,70.84,247.3,21.48
161.89214,19.6,20,5.62,162,105.28,60.66,232.15,29.55
126.9299,23.3,25,4.87,189,90.63,77.19,287.92,9.7
163.487,19.2,24,5.59,276,91.5,82.87,205.17,24.87
98.86951,20.8,22,3.27,188,103.79,77.69,201.9,11.08
139.21392,17.6,22,2.21,268,94.87,82.18,272.75,28.53
167.53075,19.4,20,2.37,199,84.38,72.55,223.43,4.4
113.84711,24.2,18,1.48,194,105.09,79.81,220.69,28.83
71.67497,18.4,25,2.03,251,95.56,83.47,291.62,21.13
61.19085,24.5,27,4.62,265,98.83,70.99,227.3,7.14
